system,object,type,parent,distance_from_parent,distance_unit,reference_phase_deg,inclination_deg,selectable,hz_or_role,notes,owner_faction,metadata_basis,radius_re,mass_me,surface_gravity_g,bulk_composition,atmosphere_pressure_atm,atmosphere_profile,mean_surface_temp_c,water_pct,land_pct,permanent_ice_pct,shirtsleeve_habitable_pct,biome_climate_profile,biosphere_profile,rotation_hours,axial_tilt_deg,magnetosphere_radiation,resources_hazards,structure_class,dimensions_estimate,population_crew_scale,artificial_gravity,power_axiolith,mobility,primary_function,strategic_role,visual_archetype,settlement_pattern,visual_palette
Abydos,Abydos,K2V star,System barycenter,0,AU,,,yes,Primary star,Assumed ~0.78 solar masses and ~0.45 solar luminosities; conservative HZ approximately 0.64-1.12 AU.,Eventide,Spectral class established; stellar mass/luminosity are working estimates.,,,,H/He main-sequence plasma; K2V,,,,,,,,,,,,,~0.78 M☉ / 0.45 L☉,,,,,,,,,stellar sphere / corona,,amber-orange
Abydos,Cataphract,rocky planet,Abydos,0.33,AU,350,1.0,yes,Hot inner world,"Well inside the habitable zone; likely barren, industrial, or otherwise heat-adapted.",Eventide,"Working-canon physical/ecological estimate constrained by map appearance, orbit and Ra-seeded Earthlike habitability.",0.55,0.16,0.53,iron-rich silicate rock,0.08,CO2/N2 trace-to-thin; unbreathable,72,0,100,0,0,airless-to-thin-atmosphere basaltic desert,none / extremophile microbial traces at most,31,4,weak; high surface radiation,metals and refractory ores; heat and radiation,,,,,,,,resource/frontier body,planetary sphere,no open-air settlement; sealed habitats only where inhabited,charcoal gray / iron brown
Abydos,Ramses,rocky planet,Abydos,0.52,AU,132,-2.0,yes,Hot inner-edge world,Receives roughly 1.66 Earth-equivalent insolation under the adopted K2V luminosity; plausible dry/hot inhabited world if desired.,Eventide,"Working-canon physical/ecological estimate constrained by map appearance, orbit and Ra-seeded Earthlike habitability.",0.88,0.72,0.93,silicate/iron terrestrial,0.82,breathable N2/O2 with elevated dust and CO2,31,18,80,2,62,hot steppe 32%; subtropical scrub 24%; desert 22%; seasonal grassland 14%; highland 8%,Ra-seeded terrestrial biosphere; drought-adapted and fire-adapted,26,16,moderate,"solar heat, drought, dust storms; useful metals",,,,,,,,inhabited system world,planetary sphere,concentrated settlement in temperate basins/coasts with substantial lightly inhabited terrain,rust orange / dark basalt
Abydos,Eventide,habitable terrestrial,Abydos,0.68,AU,190,1.5,yes,Prime habitable-zone world,Receives roughly 0.97 Earth-equivalent insolation; chosen as the natural paradise-world orbit.,Eventide,"Working-canon physical/ecological estimate constrained by map appearance, orbit and Ra-seeded Earthlike habitability.",0.96,0.91,0.99,silicate terrestrial with water-rich crust,1.06,breathable N2/O2; humid maritime,19,86,12,2,94,tropical island/rainforest 30%; temperate maritime 28%; subtropical woodland 18%; alpine 8%; wetlands/coasts 16%,dense Ra-seeded marine and island terrestrial biosphere; exceptional biodiversity,25.3,21,strong,"axiolith-rich deposits; cyclonic storms, volcanism, reefs; no true continents",,,,,,,,"Eventide population/cultural center; tourism, axiolith wealth and home-defense anchor",planetary sphere,"archipelago civilization: coastal/island cities, floating infrastructure and dense orbital-maritime links",deep ocean blue / teal / green islands / white cloud
Abydos,Vada Anchorage,major station,Eventide,180000,km,215,6.0,yes,Eventide high orbit,Planet-centered orbit; follows Eventide's heliocentric position.,Eventide,Map-established role; dimensions/population/power are working-canon scale estimates from visual design and function.,,,,,,,,,,,,,,,,,,orbital anchorage / port,~10-15 km principal span,"~10,000-30,000 permanent/transient",habitat gravity present where crewed; exact mechanism not yet established,fusion/stellar power; axiolith structural mass-displacement where required,fixed Eventide orbit,"civilian docking, logistics, customs, local traffic control",Eventide's principal orbital interface,compact docking lattice / anchorage,,weathered metal / pale neutral / blue-green accents
Abydos,Thraximundus,temperate terrestrial,Abydos,0.82,AU,78,-1.0,yes,Habitable-zone world,Cooler temperate orbit than Eventide while remaining comfortably inside the adopted HZ.,Eventide,"Working-canon physical/ecological estimate constrained by map appearance, orbit and Ra-seeded Earthlike habitability.",1.02,1.05,1.01,silicate terrestrial; modest iron core,1.12,breathable N2/O2; slightly dense,13,52,43,5,84,temperate forest 28%; grassland 22%; taiga 18%; alpine 12%; cool wetlands 10%; tundra 10%,"Ra-seeded terrestrial biosphere; cooler, forest-heavy",27.8,24,strong,"fertile soils, timber-equivalent biomass, freshwater; cold-season storms",,,,,,,,inhabited system world,planetary sphere,"broad regional settlement concentrated in favorable coasts, basins and transport corridors",slate blue-gray / muted land
Abydos,Kandahar,cool terrestrial,Abydos,1.04,AU,265,2.5,yes,Outer habitable-zone world,Near the cool edge of the adopted HZ; a denser atmosphere can support surface habitability.,Eventide,"Working-canon physical/ecological estimate constrained by map appearance, orbit and Ra-seeded Earthlike habitability.",0.86,0.68,0.92,rocky terrestrial; iron-rich highlands,1.18,breathable N2/O2 with stronger greenhouse component,6,24,69,7,58,cool steppe 28%; taiga 24%; cold desert 18%; temperate valleys 16%; tundra/alpine 14%,Ra-seeded but patchier biosphere concentrated in lowlands and basins,29.5,29,moderate-strong,"metals, geothermal resources; severe winters and continental storms",,,,,,,,inhabited system world,planetary sphere,concentrated settlement in temperate basins/coasts with substantial lightly inhabited terrain,ochre / brown / gray
Abydos,Tribune,gas giant,Abydos,1.95,AU,8,-1.5,yes,Outer giant,First major outer-system giant.,Eventide,Working-canon giant-planet estimate from schematic color/scale cues; physical size is a design estimate.,10.8,210,1.80,hydrogen/helium gas giant with water/ammonia cloud chemistry,1-bar reference level,H2/He; layered ammonia/water clouds,-85,,,,,no solid surface; layered cloud decks and deep atmosphere,no confirmed biosphere,,,very strong magnetosphere; hazardous radiation belts,"hydrogen, helium-3 and atmospheric volatiles; severe radiation and storms",,,,,,,,,banded gas giant,,cream / tan / rust bands
Abydos,Enoch,moon,Tribune,620000,km,345,4.0,yes,Tribune satellite,Large close satellite; planet-centered distance is used for local navigation.,Eventide,"Working-canon physical/ecological estimate constrained by map appearance, orbit and Ra-seeded Earthlike habitability.",0.34,0.035,0.3,rock/ice moon,0.02,tenuous exosphere,-115,0,78,22,0,cratered rock and polar ice,none known,82,2,inside Tribune magnetosphere; elevated radiation,water ice and volatiles; radiation,,,,,,,,,planetary sphere,no open-air settlement; sealed habitats only where inhabited,gray-brown
Abydos,Sumatra,ice/gas giant,Abydos,3.65,AU,300,3.0,yes,Outer giant,Large cold outer-system planet.,Eventide,Working-canon giant-planet estimate from schematic color/scale cues; physical size is a design estimate.,4.1,18,1.07,ice giant: H/He envelope over water/ammonia/methane-rich interior,1-bar reference level,H2/He/CH4; deep blue-gray cloud decks,-145,,,,,no solid surface; layered cloud decks and deep atmosphere,no confirmed biosphere,,,strong but asymmetric magnetosphere,"methane, hydrogen and volatile ices; extreme cold and storms",,,,,,,,,blue-gray ice giant,,blue-gray / charcoal bands
Abydos,Thornwatch Array,installation array,Abydos,5.35,AU,325,9.0,yes,Thornfield infrastructure,Reference centroid for the named array; individual array nodes may be spread around this location.,Eventide,Map-established role; dimensions/population/power are working-canon scale estimates from visual design and function.,,,,,,,,,,,,,,,,,,distributed watch/sensor-defense array,individual nodes ~1-3 km; network spans millions of km,"~1,000-10,000 distributed",habitat gravity present where crewed; exact mechanism not yet established,fusion/stellar power; axiolith structural mass-displacement where required,fixed/distributed stations,"sensor coverage, navigation warning, border watch, likely defensive support",monitors approaches to the Thornfield,sparse chain of watch stations,,weathered metal / pale neutral / blue-green accents
Abydos,Thornfield,spatial anomaly region,Abydos,5.40,AU,340,7.0,no,Anomalous outer-system region,Render as a field rather than a point object; approximate radial span 4.8-6.0 AU.,Eventide,Region and role inferred directly from Abydos schematic.,,,,,,,,,,,,,,,,severe spacetime/gravitational distortion; specialized navigation required,paracausal/spacetime anomaly volume,broad irregular region spanning roughly 4.8-6.0 AU in radial extent,,,,,fixed region,none; navigational and physical phenomenon,"natural/paracausal boundary, navigation hazard and defensive geography",translucent distorted spatial field,no conventional settlement inside the distorted core; watch infrastructure remains on approaches,weathered metal / pale neutral / blue-green accents
Abydos,Ventus,outer icy/dwarf world,Abydos,6.40,AU,42,-4.0,yes,Distant outer world,"Independent outer-system body, not a moon.",Eventide,"Working-canon physical/ecological estimate constrained by map appearance, orbit and Ra-seeded Earthlike habitability.",0.27,0.018,0.25,ice-rich dwarf world,0.0,trace exosphere,-180,0,35,65,0,cryogenic ice fields and dark tholins,none known,38,12,weak,water/ammonia volatiles; extreme cold,,,,,,,,resource/frontier body,planetary sphere,no open-air settlement; sealed habitats only where inhabited,icy gray
Tanis,Tanis barycenter,barycenter,System barycenter,0,AU,,,no,System reference origin,Reference origin for the close G8V + K4V binary and all circumbinary distances.,Signatories of the Accords,Mathematical system reference point.,,,,,,,,,,,,,,,,,,,,,,,,,barycenter marker,,,
Tanis,Tanis A,G8V star,Tanis barycenter,0.044,AU,165,0.5,yes,Primary star,"Assumed ~0.90 solar masses and ~0.60 solar luminosities. With the adopted binary separation, A and B remain opposite around the barycenter.",Signatories of the Accords,Spectral class established; stellar mass/luminosity are working estimates.,,,,H/He main-sequence plasma; G8V,,,,,,,,,,,,~0.90 M☉ / 0.60 L☉,,,,,,,,,stellar sphere / corona,,golden-yellow/orange pair,
Tanis,Tanis B,K4V star,Tanis barycenter,0.056,AU,345,0.5,yes,Secondary star,"Assumed ~0.70 solar masses and ~0.17 solar luminosities. Adopted A-B separation is ~0.10 AU, giving a close binary safely interior to the circumbinary planets.",Signatories of the Accords,Spectral class established; stellar mass/luminosity are working estimates.,,,,H/He main-sequence plasma; K4V,,,,,,,,,,,,~0.70 M☉ / 0.17 L☉,,,,,,,,,stellar sphere / corona,,golden-yellow/orange pair,
Tanis,Krasna Brae,rocky terrestrial,Tanis barycenter,0.86,AU,135,2.0,yes,Hot inner habitable-zone world,Combined stellar luminosity is treated as ~0.77 solar; conservative circumbinary HZ is approximately 0.83-1.46 AU. Krasna Brae sits near the hot inner edge.,Signatories of the Accords,"Working-canon physical/ecological estimate constrained by map appearance, orbit and Ra-seeded Earthlike habitability.",0.9,0.76,0.94,iron-rich silicate terrestrial,0.88,breathable but dry N2/O2; dusty,30,14,84,2,60,hot grassland 30%; scrub 25%; desert 25%; highland 12%; seasonal woodland 8%,Ra-seeded dryland biosphere,23.7,11,moderate,"metals; dust storms, heat and seasonal fires",,,,,,,,inhabited system world,planetary sphere,concentrated settlement in temperate basins/coasts with substantial lightly inhabited terrain,rust red / orange
Tanis,Novy Skye,habitable terrestrial,Tanis barycenter,1.00,AU,35,-1.5,yes,Prime habitable-zone world,Blue temperate world placed near the high-insolation middle of the circumbinary HZ.,Signatories of the Accords,"Working-canon physical/ecological estimate constrained by map appearance, orbit and Ra-seeded Earthlike habitability.",1.04,1.1,1.02,silicate terrestrial; ocean-rich,1.03,breathable N2/O2,17,67,31,2,92,temperate oceanic 26%; temperate forest 22%; grassland 18%; tropical coast 14%; taiga 10%; alpine/tundra 10%,rich Ra-seeded Earthlike biosphere,24.6,20,strong,"freshwater, biomass, fisheries; cyclones and maritime weather",,,,,,,,principal temperate population world of Tanis,planetary sphere,widespread surface settlement; major cities linked to orbital infrastructure,steel blue / white cloud / muted green
Tanis,Dun Varya,moon,Novy Skye,420000,km,330,4.0,yes,Novy Skye satellite,Large moon in a roughly lunar-scale orbit; follows Novy Skye's barycentric position.,Signatories of the Accords,"Working-canon physical/ecological estimate constrained by map appearance, orbit and Ra-seeded Earthlike habitability.",0.29,0.023,0.27,rocky moon with minor ice,0.0,trace exosphere,-45,0,93,7,0,cratered rock; cold-trap ice,none known,655,1,shielded intermittently by Novy Skye; low-to-moderate radiation,"construction rock, trace volatiles",,,,,,,,,planetary sphere,no open-air settlement; sealed habitats only where inhabited,gray
Tanis,Muigrad,temperate terrestrial,Tanis barycenter,1.18,AU,195,3.0,yes,Mid/outer habitable-zone world,Cooler than Novy Skye while remaining well inside the adopted HZ.,Signatories of the Accords,"Working-canon physical/ecological estimate constrained by map appearance, orbit and Ra-seeded Earthlike habitability.",0.95,0.84,0.93,silicate terrestrial,1.08,breathable N2/O2,11,37,58,5,79,temperate forest 24%; grassland 24%; taiga 18%; cold steppe 14%; wetlands 10%; tundra 10%,Ra-seeded terrestrial biosphere; cool and rugged,28.1,27,strong,"timber-equivalent biomass, ores; mountain weather",,,,,,,,inhabited system world,planetary sphere,"broad regional settlement concentrated in favorable coasts, basins and transport corridors",olive-brown / gray
Tanis,Moroz Cairn,cool terrestrial,Tanis barycenter,1.40,AU,250,-2.5,yes,Outer habitable-zone world,Placed near the cool outer HZ to fit its darker/cold visual character while remaining potentially inhabited.,Signatories of the Accords,"Working-canon physical/ecological estimate constrained by map appearance, orbit and Ra-seeded Earthlike habitability.",0.8,0.55,0.86,rocky terrestrial with high crustal ice fraction,1.21,breathable N2/O2; CO2 elevated,0,22,53,25,52,taiga 30%; tundra 22%; cold steppe 18%; temperate valleys 15%; glacial/highland 15%,Ra-seeded cold-climate biosphere,32,33,moderate,"ice, rare metals; long winters, glaciation",,,,,,,,inhabited system world,planetary sphere,concentrated settlement in temperate basins/coasts with substantial lightly inhabited terrain,dark slate / charcoal
Tanis,The Exchange,major station,Tanis barycenter,1.68,AU,335,5.0,yes,Trade/preport station,Stable station complex outside the main inhabited-planet band; reference radius is a fixed gameplay snapshot rather than a claim of a single permanent circular orbit.,Signatories of the Accords,Map-established role; dimensions/population/power are working-canon scale estimates from visual design and function.,,,,,,,,,,,,,,,,,,major trade preport / habitat station,~30-40 km aggregate span,"~500,000-2,000,000 residents plus transients",habitat gravity present where crewed; exact mechanism not yet established,fusion/stellar power; axiolith structural mass-displacement where required,fixed station-keeping,"trade, arbitration, transshipment, fleet services",principal Accord commercial hub in Tanis,sprawling modular station-city,,dark steel / brass / utilitarian warm lights
Tanis,Blackwake Yard,shipyard,Tanis barycenter,2.15,AU,315,-4.0,yes,Outer industrial yard,Placed beyond The Exchange and inside the principal debris/industrial belt.,Signatories of the Accords,Map-established role; dimensions/population/power are working-canon scale estimates from visual design and function.,,,,,,,,,,,,,,,,,,heavy shipyard / refit complex,~40-60 km industrial footprint,"~100,000-400,000 workers/residents",habitat gravity present where crewed; exact mechanism not yet established,fusion/stellar power; axiolith structural mass-displacement where required,fixed station-keeping,"capital-ship repair, refit, construction and salvage",major Accord industrial yard,modular dockyard blocks and gantries,,dark steel / brass / utilitarian warm lights
Tanis,Outer Debris Belt,asteroid/debris belt,Tanis barycenter,2.55,AU,270,2.0,no,Industrial/debris belt,Render as a broad thin belt rather than a point; approximate radial width 2.35-2.90 AU.,Signatories of the Accords,Map-established distributed belt; composition is a working industrial-resource estimate.,,,,"mixed silicate, nickel-iron and carbonaceous bodies; industrially processed debris where inhabited",,,,,,,,,,,,"metals, volatiles and salvage; collision/debris hazards",,,,,,,resource and industrial corridor,thin distributed debris/asteroid belt,"distributed mines, processing nodes and traffic routes; not a continuous inhabited surface",,,
Tanis,Three Lanterns,carrier/fleet group,Tanis barycenter,2.72,AU,58,8.0,yes,Mobile fleet group,Reference-epoch fleet position in the outer belt region; this is a gameplay snapshot and can later be updated if the fleet moves.,Signatories of the Accords,Map-established role; dimensions/population/power are working-canon scale estimates from visual design and function.,,,,,,,,,,,,,,,,,,independent carrier group / fleet formation,three major carriers ~12-25 km each plus escorts,"~50,000-150,000 total crews",habitat gravity present where crewed; exact mechanism not yet established,fusion/antimatter propulsion; axiolith mass/inertia displacement,fully mobile,"fleet operations, convoy protection, force projection",major mobile Accord naval/commercial power,three large carrier silhouettes with escorts,,dark steel / brass / utilitarian warm lights
Saqqara,Saqqara,G0V star,System barycenter,0,AU,,,yes,Primary star,Assumed ~1.05 solar masses and ~1.25 solar luminosities; conservative HZ approximately 1.06-1.87 AU.,Signatories of the Accords,Spectral class established; stellar mass/luminosity are working estimates.,,,,H/He main-sequence plasma; G0V,,,,,,,,,,,,,~1.05 M☉ / 1.25 L☉,,,,,,,,,stellar sphere / corona,,pale yellow-white
Saqqara,Kilmorov,rocky terrestrial,Saqqara,1.10,AU,138,1.5,yes,Hot inner habitable-zone world,"Placed just inside the warm side of the adopted HZ, matching its relatively dry/rocky visual character while remaining viable for habitation.",Signatories of the Accords,"Working-canon physical/ecological estimate constrained by map appearance, orbit and Ra-seeded Earthlike habitability.",0.82,0.6,0.89,dense silicate/iron terrestrial,0.91,breathable N2/O2; arid,27,12,86,2,55,warm steppe 34%; desert 28%; dry forest 16%; highland 12%; seasonal wetlands 10%,Ra-seeded dryland biosphere,25.1,13,moderate,"metal ores; dust, heat, seismic activity",,,,,,,,inhabited system world,planetary sphere,concentrated settlement in temperate basins/coasts with substantial lightly inhabited terrain,slate gray / brown
Saqqara,Thennaris,temperate terrestrial,Saqqara,1.31,AU,245,-2.0,yes,Mid habitable-zone world,Comfortably inside the adopted HZ; a moderate temperate orbit.,Signatories of the Accords,"Working-canon physical/ecological estimate constrained by map appearance, orbit and Ra-seeded Earthlike habitability.",0.74,0.4,0.73,silicate terrestrial,0.96,breathable N2/O2,16,43,54,3,83,temperate grassland 28%; forest 24%; subtropical woodland 18%; wetland 12%; alpine 10%; desert 8%,Ra-seeded Earthlike biosphere on a lower-gravity world,22.8,18,moderate,"agriculture, biomass; strong winds due lower gravity",,,,,,,,inhabited system world,planetary sphere,"broad regional settlement concentrated in favorable coasts, basins and transport corridors",dark ochre / brown
Saqqara,Bannoch Vost,warm gas giant,Saqqara,1.62,AU,48,1.0,yes,Habitable-zone giant,Large banded giant placed in the outer half of the HZ; its moons receive habitable-zone stellar flux.,Signatories of the Accords,Working-canon giant-planet estimate from schematic color/scale cues; physical size is a design estimate.,9.6,150,1.63,hydrogen/helium gas giant with heavy cloud bands,1-bar reference level,H2/He with ammonia/water clouds,-55,,,,,no solid surface; layered cloud decks and deep atmosphere,no confirmed biosphere,,,strong magnetosphere; major radiation environment for satellites,hydrogen/helium resources; radiation belts and high-energy storms,,,,,,,,,warm ochre gas giant,,cream / ochre / brown bands
Saqqara,Eilean Volna,moon,Bannoch Vost,560000,km,350,3.5,yes,Bannoch Vost satellite,Large moon in a roughly Jovian-system-scale orbit; inherits Bannoch Vost's habitable-zone stellar distance.,Signatories of the Accords,"Working-canon physical/ecological estimate constrained by map appearance, orbit and Ra-seeded Earthlike habitability.",0.46,0.085,0.4,rock/ice large moon,0.42,thin N2/CO2/O2; respirator recommended,-8,8,47,45,18,ice plains 42%; cold desert 24%; cryovolcanic terrain 18%; sheltered thaw basins 16%,limited Ra-seeded microbial/lichen-like biosphere in thaw regions,96,3,within Bannoch Vost radiation belts; moderate-high radiation,"water ice, volatiles; radiation and cryovolcanism",,,,,,,,,planetary sphere,limited surface settlement in engineered or naturally favorable enclaves,gray-brown
Saqqara,Old Kestrel,industrialized planetoid/habitat,Saqqara,1.82,AU,205,2.8,yes,Outer habitable-zone industrial world,Treated as the dark spherical body embedded in the industrial complex; near the cool edge of the HZ so any inhabited surface or habitat remains consistent with the campaign rule.,Signatories of the Accords,"Working-canon physical/ecological estimate constrained by map appearance, orbit and Ra-seeded Earthlike habitability.",0.36,0.045,0.35,metal-rich rocky planetoid,0.0,airless except sealed habitats,-35,0,98,2,0,industrialized regolith and excavated terrain,sealed artificial habitats only,17,1,weak; exposed to stellar/cosmic radiation,"exceptionally metal-rich; mining, debris and industrial hazards",,,,,,,,industrialized planetoid embedded in Saqqara heavy industry,planetary sphere,no open-air settlement; sealed habitats only where inhabited,black / dark steel / industrial orange
Saqqara,Cairnreach,major station,Old Kestrel,210000,km,155,7.0,yes,Old Kestrel industrial complex,Large installation associated with Old Kestrel; planet/planetoid-centered navigation distance.,Signatories of the Accords,Map-established role; dimensions/population/power are working-canon scale estimates from visual design and function.,,,,,,,,,,,,,,,,,,industrial station-city / mining-processing complex,~50-80 km aggregate industrial span,"~100,000-500,000",habitat gravity present where crewed; exact mechanism not yet established,fusion/stellar power; axiolith structural mass-displacement where required,fixed around Old Kestrel,"mining, refining, fabrication, habitat support",core node of Saqqara's heavy-industrial belt,dense irregular industrial agglomeration,,dark steel / brass / utilitarian warm lights
Saqqara,Industrial Belt,asteroid/industrial belt,Saqqara,2.18,AU,185,2.0,no,Heavy industrial belt,Render as a broad thin belt rather than a point; approximate radial width 1.95-2.45 AU.,Signatories of the Accords,Map-established distributed belt; composition is a working industrial-resource estimate.,,,,"mixed silicate, nickel-iron and carbonaceous bodies; industrially processed debris where inhabited",,,,,,,,,,,,"metals, volatiles and salvage; collision/debris hazards",,,,,,,resource and industrial corridor,thin distributed debris/asteroid belt,"distributed mines, processing nodes and traffic routes; not a continuous inhabited surface",,,
Saqqara,Hammerfall Yards,shipyard,Saqqara,2.28,AU,20,-4.5,yes,Major fixed shipyard,Reference-epoch fixed yard position just beyond the inhabited-world band and within the industrial zone.,Signatories of the Accords,Map-established role; dimensions/population/power are working-canon scale estimates from visual design and function.,,,,,,,,,,,,,,,,,,major capital-ship shipyard,~70-100 km dock complex,"~150,000-500,000",habitat gravity present where crewed; exact mechanism not yet established,fusion/stellar power; axiolith structural mass-displacement where required,fixed station-keeping,construction and overhaul of major vessels,one of Saqqara's defining industrial assets,massive armored drydock / yard,,dark steel / brass / utilitarian warm lights
Saqqara,The Long Hook,linear megastructure/tether,Saqqara,2.42,AU,255,6.0,yes,Industrial transfer megastructure,Store this value as the selectable reference node/centroid. Render the Long Hook as an extended tether through the industrial zone rather than a single point; approximate occupied radial span 2.0-3.0 AU.,Signatories of the Accords,Map-established role; dimensions/population/power are working-canon scale estimates from visual design and function.,,,,,,,,,,,,,,,,,,distributed transfer tether / linear megastructure,distributed line extending across a substantial fraction of the 2.0-3.0 AU industrial corridor,"~100,000+ distributed operators/habitat population",habitat gravity present where crewed; exact mechanism not yet established,fusion/stellar power; axiolith structural mass-displacement where required,fixed anchored network,"bulk transfer, towing, cargo routing and industrial linkage",backbone of Saqqara's orbital industry,long segmented tether/rail-like industrial spine,,dark steel / brass / utilitarian warm lights
Saqqara,Gannet Mobile Yard,mobile shipyard,Saqqara,2.68,AU,305,-7.0,yes,Mobile industrial yard,Reference-epoch position for the mobile yard; may be moved later as campaign state changes.,Signatories of the Accords,Map-established role; dimensions/population/power are working-canon scale estimates from visual design and function.,,,,,,,,,,,,,,,,,,mobile shipyard vessel,~20-30 km long industrial superstructure,"~30,000-100,000",habitat gravity present where crewed; exact mechanism not yet established,fusion/antimatter propulsion; axiolith mass/inertia displacement,mobile,"field repair, refit and fabrication away from fixed yards",mobile Accord industrial reserve,bulky mobile dock/yard vessel,,dark steel / brass / utilitarian warm lights
Iunu,Iunu,F9V star,System barycenter,0,AU,,,yes,Primary star,Assumed ~1.10 solar masses and ~1.50 solar luminosities; conservative HZ approximately 1.16-2.05 AU.,Signatories of the Accords,Spectral class established; stellar mass/luminosity are working estimates.,,,,H/He main-sequence plasma; F9V,,,,,,,,,,,,,~1.10 M☉ / 1.50 L☉,,,,,,,,,stellar sphere / corona,,pale yellow-white
Iunu,Valeth,rocky terrestrial,Iunu,1.18,AU,145,-1.5,yes,Hot inner habitable-zone world,Placed just inside the warm edge of the adopted F9V habitable zone while remaining viable for habitation.,Signatories of the Accords,"Working-canon physical/ecological estimate constrained by map appearance, orbit and Ra-seeded Earthlike habitability.",0.91,0.78,0.94,silicate terrestrial,0.9,breathable N2/O2; dry,29,20,78,2,64,savanna 28%; warm steppe 24%; dry forest 18%; desert 16%; alpine 8%; wetlands 6%,Ra-seeded warm/dry biosphere,25.8,14,moderate,"agricultural drylands, ores; heat and drought",,,,,,,,inhabited system world,planetary sphere,concentrated settlement in temperate basins/coasts with substantial lightly inhabited terrain,cream / ochre / cloud-white
Iunu,Vostara,moon,Valeth,145000,km,205,3.5,yes,Valeth satellite,Canonical Vostrann name for Valeth's depicted moon; follows Accords Scots/Gaelic and East-Slavic naming evolution.,Signatories of the Accords,Working-canon moon estimate from schematic appearance; size is not literal map scale.,0.18,0.006,0.19,rocky satellite with minor-to-moderate water ice,0.0,trace exosphere / effectively airless,-60 to -120,0,92,8,0,airless cratered regolith; cold-trap and polar ice,none known; sealed habitats possible,,,no intrinsic strong field; radiation environment depends on parent planet,"rock, metals and water ice; vacuum, radiation, thermal extremes",,,,,,,,,small moon sphere,no open-air settlement; sealed habitats only where inhabited,gray-brown rock / pale ice
Iunu,Kyradon,temperate terrestrial,Iunu,1.34,AU,70,1.0,yes,Inner/mid habitable-zone world,Blue-green inhabited world in the warmer half of the adopted habitable zone.,Signatories of the Accords,"Working-canon physical/ecological estimate constrained by map appearance, orbit and Ra-seeded Earthlike habitability.",0.99,0.99,1.01,silicate terrestrial,1.0,breathable N2/O2,20,56,42,2,91,temperate forest 25%; grassland 22%; subtropical forest 18%; maritime 15%; wetlands 10%; alpine 10%,rich Ra-seeded terrestrial biosphere,24.2,23,strong,broad agriculture and freshwater; storms,,,,,,,,inhabited system world,planetary sphere,widespread surface settlement; major cities linked to orbital infrastructure,teal-blue / green / gold
Iunu,Dunova,moon,Kyradon,310000,km,15,4.0,yes,Kyradon satellite,Canonical Vostrann name for Kyradon's depicted moon.,Signatories of the Accords,Working-canon moon estimate from schematic appearance; size is not literal map scale.,0.21,0.01,0.23,rocky satellite with minor-to-moderate water ice,0.0,trace exosphere / effectively airless,-60 to -120,0,85,15,0,airless cratered regolith; cold-trap and polar ice,none known; sealed habitats possible,,,no intrinsic strong field; radiation environment depends on parent planet,"rock, metals and water ice; vacuum, radiation, thermal extremes",,,,,,,,,small moon sphere,no open-air settlement; sealed habitats only where inhabited,gray-brown rock / pale ice
Iunu,Pelagos,habitable oceanic terrestrial,Iunu,1.49,AU,305,-2.0,yes,Mid habitable-zone world,Oceanic visual character and moderate irradiation make this a natural central-HZ inhabited world.,Signatories of the Accords,"Working-canon physical/ecological estimate constrained by map appearance, orbit and Ra-seeded Earthlike habitability.",0.97,0.91,0.97,silicate terrestrial with deep global ocean basins,1.12,breathable N2/O2; humid,18,82,16,2,95,open-ocean 56%; tropical/subtropical islands 16%; temperate islands 12%; reefs/wetlands 10%; alpine islands 6%,marine-dominant Ra-seeded biosphere; extensive pelagic ecosystems,25.6,18,strong,"marine biomass and dissolved resources; superstorms, tsunamis",,,,,,,,inhabited system world,planetary sphere,maritime/island settlement with extensive orbital and floating infrastructure,deep blue / teal / white cloud
Iunu,Braemir,moon,Pelagos,390000,km,350,3.0,yes,Pelagos satellite,Canonical Vostrann name for Pelagos's depicted moon.,Signatories of the Accords,Working-canon moon estimate from schematic appearance; size is not literal map scale.,0.24,0.015,0.26,rocky satellite with minor-to-moderate water ice,0.0,trace exosphere / effectively airless,-60 to -120,0,75,25,0,airless cratered regolith; cold-trap and polar ice,none known; sealed habitats possible,,,no intrinsic strong field; radiation environment depends on parent planet,"rock, metals and water ice; vacuum, radiation, thermal extremes",,,,,,,,,small moon sphere,no open-air settlement; sealed habitats only where inhabited,gray-brown rock / pale ice
Iunu,Beth Aster,cool terrestrial,Iunu,1.64,AU,335,2.5,yes,Mid/outer habitable-zone world,Placed in the cooler half of the HZ while remaining comfortably habitable.,Signatories of the Accords,"Working-canon physical/ecological estimate constrained by map appearance, orbit and Ra-seeded Earthlike habitability.",0.84,0.64,0.91,silicate terrestrial with elevated water/ice,1.08,breathable N2/O2,8,44,45,11,75,temperate forest 22%; taiga 22%; grassland 18%; tundra 14%; wetlands 12%; alpine 12%,Ra-seeded cool terrestrial biosphere,27.4,26,moderate-strong,freshwater/ice; winter storms,,,,,,,,inhabited system world,planetary sphere,"broad regional settlement concentrated in favorable coasts, basins and transport corridors",blue-gray / amber cloud
Iunu,Volnaskye,moon,Beth Aster,220000,km,15,-4.0,yes,Beth Aster satellite,Canonical Vostrann name for Beth Aster's depicted moon.,Signatories of the Accords,Working-canon moon estimate from schematic appearance; size is not literal map scale.,0.27,0.022,0.3,rocky satellite with minor-to-moderate water ice,0.0,trace exosphere / effectively airless,-60 to -120,0,88,12,0,airless cratered regolith; cold-trap and polar ice,none known; sealed habitats possible,,,no intrinsic strong field; radiation environment depends on parent planet,"rock, metals and water ice; vacuum, radiation, thermal extremes",,,,,,,,,small moon sphere,no open-air settlement; sealed habitats only where inhabited,gray-brown rock / pale ice
Iunu,Ophira,large habitable terrestrial,Iunu,1.81,AU,195,-1.0,yes,Outer habitable-zone world,Large blue-green inhabited world placed in the cool outer half of the adopted HZ.,Signatories of the Accords,"Working-canon physical/ecological estimate constrained by map appearance, orbit and Ra-seeded Earthlike habitability.",1.11,1.34,1.09,silicate terrestrial; ocean-rich,1.18,breathable N2/O2; humid,12,74,22,4,89,oceanic 42%; temperate maritime 20%; subtropical islands 14%; taiga 10%; alpine 8%; polar 6%,dense marine and coastal Ra-seeded biosphere,26.7,20,strong,marine resources; high-energy weather and tectonic island arcs,,,,,,,,inhabited system world,planetary sphere,coastal and island megaregions; strong maritime settlement pattern,deep ocean blue / green-brown land / white spiral cloud
Iunu,Muirka,moon,Ophira,170000,km,20,2.5,yes,Ophira inner satellite,Canonical Vostrann name for the inner of Ophira's two depicted moons.,Signatories of the Accords,Working-canon moon estimate from schematic appearance; size is not literal map scale.,0.2,0.009,0.22,rocky satellite with minor-to-moderate water ice,0.0,trace exosphere / effectively airless,-60 to -120,0,65,35,0,airless cratered regolith; cold-trap and polar ice,none known; sealed habitats possible,,,no intrinsic strong field; radiation environment depends on parent planet,"rock, metals and water ice; vacuum, radiation, thermal extremes",,,,,,,,,small moon sphere,no open-air settlement; sealed habitats only where inhabited,gray-brown rock / pale ice
Iunu,Cairnov,moon,Ophira,410000,km,340,5.0,yes,Ophira outer satellite,Canonical Vostrann name for the outer of Ophira's two depicted moons.,Signatories of the Accords,Working-canon moon estimate from schematic appearance; size is not literal map scale.,0.23,0.013,0.25,rocky satellite with minor-to-moderate water ice,0.0,trace exosphere / effectively airless,-60 to -120,0,82,18,0,airless cratered regolith; cold-trap and polar ice,none known; sealed habitats possible,,,no intrinsic strong field; radiation environment depends on parent planet,"rock, metals and water ice; vacuum, radiation, thermal extremes",,,,,,,,,small moon sphere,no open-air settlement; sealed habitats only where inhabited,gray-brown rock / pale ice
Iunu,Mercatia,temperate terrestrial,Iunu,2.00,AU,35,1.8,yes,Outer-edge habitable-zone world,Placed near the cool edge of the adopted HZ; remains within the campaign requirement for an inhabited world around the F9V primary.,Signatories of the Accords,"Working-canon physical/ecological estimate constrained by map appearance, orbit and Ra-seeded Earthlike habitability.",0.89,0.73,0.92,silicate terrestrial,1.16,breathable N2/O2; CO2 slightly elevated,4,32,56,12,66,taiga 28%; cool grassland 20%; temperate forest 18%; tundra 16%; cold desert 10%; wetlands 8%,Ra-seeded cool biosphere,30.5,31,moderate,minerals and cold-climate agriculture; severe winters,,,,,,,,inhabited system world,planetary sphere,concentrated settlement in temperate basins/coasts with substantial lightly inhabited terrain,tan / cream / gray
Iunu,Eilevost,moon,Mercatia,260000,km,5,3.5,yes,Mercatia satellite,Canonical Vostrann name for Mercatia's depicted moon.,Signatories of the Accords,Working-canon moon estimate from schematic appearance; size is not literal map scale.,0.26,0.019,0.28,rocky satellite with minor-to-moderate water ice,0.0,trace exosphere / effectively airless,-60 to -120,0,72,28,0,airless cratered regolith; cold-trap and polar ice,none known; sealed habitats possible,,,no intrinsic strong field; radiation environment depends on parent planet,"rock, metals and water ice; vacuum, radiation, thermal extremes",,,,,,,,,small moon sphere,no open-air settlement; sealed habitats only where inhabited,gray-brown rock / pale ice
Iunu,Celestial Exchange,major station,Iunu,2.16,AU,220,5.5,yes,Major trade installation,Fixed reference position just outside the inhabited planetary band; source map presents it as a major independent installation rather than a planetary moon.,Signatories of the Accords,Map-established role; dimensions/population/power are working-canon scale estimates from visual design and function.,,,,,,,,,,,,,,,,,,major trade station / orbital city,~30-45 km radial span,"~750,000-2,500,000",habitat gravity present where crewed; exact mechanism not yet established,fusion/stellar power; axiolith structural mass-displacement where required,fixed station-keeping,"trade, finance, transshipment and diplomatic exchange",principal Accord mercantile hub in Iunu,radial crown-like station-city,,dark steel / brass / utilitarian warm lights
Iunu,Asterion Crown,major vessel,Iunu,2.48,AU,315,-7.0,yes,Major vessel,Reference-epoch position for the named major vessel. This is a gameplay snapshot and may change if the ship moves during the campaign.,Signatories of the Accords,Map-established role; dimensions/population/power are working-canon scale estimates from visual design and function.,,,,,,,,,,,,,,,,,,major independent vessel / prestige capital ship,~15-22 km long,"~20,000-60,000 crew/passengers",habitat gravity present where crewed; exact mechanism not yet established,fusion/antimatter propulsion; axiolith mass/inertia displacement,fully mobile,"long-range transport, command and prestige operations",high-value mobile Accord asset,long needle-like capital vessel with ring superstructure,,dark steel / brass / utilitarian warm lights
Memphis,Memphis,K1V anomalous star,System barycenter,0,AU,,,yes,Primary anomalous star,Underlying star treated as ~0.82 solar masses and ~0.52 solar luminosities; conservative HZ approximately 0.69-1.20 AU. Ra's green photospheric alteration is treated as spectral redistribution and does not change the adopted bolometric luminosity for orbital habitability.,Adanian Conclave,Spectral class established; stellar mass/luminosity are working estimates.,,,,H/He main-sequence plasma; underlying K1V; anomalous photosphere,,,,,,,,,,,,,~0.82 M☉ / 0.52 L☉; Ra-modified viridian emission,,,,,,,,,stellar sphere / corona,,deep viridian green with pale green-white core
Memphis,Serapha,large habitable terrestrial,Memphis,0.72,AU,195,-1.5,yes,Hot inner habitable-zone world,Large blue-green inhabited world placed just inside the warm edge of the adopted K1V HZ.,Adanian Conclave,"Working-canon physical/ecological estimate constrained by map appearance, orbit and Ra-seeded Earthlike habitability.",1.1,1.3,1.07,silicate terrestrial; ocean-rich,1.1,breathable N2/O2 under green-shifted stellar illumination,23,68,30,2,92,tropical/subtropical forest 28%; temperate forest 20%; oceanic coast 18%; grassland 16%; wetland 10%; alpine 8%,Ra-seeded biosphere with photosynthetic adaptation to anomalous green spectrum,25.4,19,strong,high biodiversity; unusual stellar-spectrum ecology,,,,,,,,inhabited system world,planetary sphere,widespread surface settlement; major cities linked to orbital infrastructure,teal ocean / gold-green land / white cloud under viridian light
Memphis,Elyon,moon,Serapha,230000,km,350,4.0,yes,Serapha satellite,Canonical Aurethic name for Serapha's depicted moon; follows Conclave Hebrew/Greek/Latin-descended naming conventions.,Adanian Conclave,Working-canon moon estimate from schematic appearance; size is not literal map scale.,0.18,0.006,0.19,rocky satellite with minor-to-moderate water ice,0.0,trace exosphere / effectively airless,-60 to -120,0,92,8,0,airless cratered regolith; cold-trap and polar ice,none known; sealed habitats possible,,,no intrinsic strong field; radiation environment depends on parent planet,"rock, metals and water ice; vacuum, radiation, thermal extremes",,,,,,,,,small moon sphere,no open-air settlement; sealed habitats only where inhabited,gray-brown rock / pale ice
Memphis,Via Aureth,temperate terrestrial,Memphis,0.84,AU,55,1.0,yes,Inner/mid habitable-zone world,Dark inhabited terrestrial placed in the warmer half of the adopted HZ.,Adanian Conclave,"Working-canon physical/ecological estimate constrained by map appearance, orbit and Ra-seeded Earthlike habitability.",0.91,0.77,0.93,silicate terrestrial; dark mineral-rich crust,1.02,breathable N2/O2,18,27,69,4,78,temperate woodland 24%; steppe 22%; dry forest 18%; highland 16%; wetlands 10%; tundra 10%,Ra-seeded terrestrial biosphere; darker vegetation/mineral palette plausible under Memphis light,28,25,moderate-strong,metal-rich crust; photobiological adaptation,,,,,,,,inhabited system world,planetary sphere,"broad regional settlement concentrated in favorable coasts, basins and transport corridors",charcoal / gold / muted violet-black
Memphis,Nereth,moon,Via Aureth,285000,km,340,3.5,yes,Via Aureth satellite,Canonical Aurethic name for Via Aureth's depicted moon.,Adanian Conclave,Working-canon moon estimate from schematic appearance; size is not literal map scale.,0.21,0.01,0.23,rocky satellite with minor-to-moderate water ice,0.0,trace exosphere / effectively airless,-60 to -120,0,85,15,0,airless cratered regolith; cold-trap and polar ice,none known; sealed habitats possible,,,no intrinsic strong field; radiation environment depends on parent planet,"rock, metals and water ice; vacuum, radiation, thermal extremes",,,,,,,,,small moon sphere,no open-air settlement; sealed habitats only where inhabited,gray-brown rock / pale ice
Memphis,Melekion,cool habitable terrestrial,Memphis,0.99,AU,335,-2.0,yes,Mid habitable-zone world,Pale blue inhabited world placed near the middle/cool half of the adopted HZ.,Adanian Conclave,"Working-canon physical/ecological estimate constrained by map appearance, orbit and Ra-seeded Earthlike habitability.",0.93,0.84,0.97,silicate terrestrial with high surface ice/water,1.24,breathable N2/O2; cool and moist,5,52,23,25,68,cold ocean 28%; taiga 22%; tundra 18%; temperate coast 14%; glacial 12%; alpine 6%,Ra-seeded cold maritime biosphere,29.2,28,strong,"water/ice; storms, glacial hazards",,,,,,,,inhabited system world,planetary sphere,concentrated settlement in temperate basins/coasts with substantial lightly inhabited terrain,pale cyan / white ice / blue
Memphis,Kedrion,moon,Melekion,310000,km,350,4.5,yes,Melekion satellite,Canonical Aurethic name for Melekion's depicted moon.,Adanian Conclave,Working-canon moon estimate from schematic appearance; size is not literal map scale.,0.24,0.015,0.26,rocky satellite with minor-to-moderate water ice,0.0,trace exosphere / effectively airless,-60 to -120,0,75,25,0,airless cratered regolith; cold-trap and polar ice,none known; sealed habitats possible,,,no intrinsic strong field; radiation environment depends on parent planet,"rock, metals and water ice; vacuum, radiation, thermal extremes",,,,,,,,,small moon sphere,no open-air settlement; sealed habitats only where inhabited,gray-brown rock / pale ice
Memphis,Qados,cool terrestrial,Memphis,1.16,AU,310,2.5,yes,Outer habitable-zone world,Rocky inhabited world near the cool outer edge of the adopted K1V HZ.,Adanian Conclave,"Working-canon physical/ecological estimate constrained by map appearance, orbit and Ra-seeded Earthlike habitability.",1.0,1.0,1.0,silicate terrestrial; dry continental crust,1.08,breathable N2/O2; dry,2,14,78,8,48,cold steppe 28%; rocky desert 24%; taiga 18%; tundra 14%; temperate basins 10%; alpine 6%,Ra-seeded sparse continental biosphere,30.1,30,moderate,metals and mineral salts; aridity and cold,,,,,,,,inhabited system world,planetary sphere,concentrated settlement in temperate basins/coasts with substantial lightly inhabited terrain,tan / cream / brown
Memphis,Aurema,moon,Qados,360000,km,345,3.0,yes,Qados satellite,Canonical Aurethic name for Qados's depicted moon.,Adanian Conclave,Working-canon moon estimate from schematic appearance; size is not literal map scale.,0.27,0.022,0.3,rocky satellite with minor-to-moderate water ice,0.0,trace exosphere / effectively airless,-60 to -120,0,88,12,0,airless cratered regolith; cold-trap and polar ice,none known; sealed habitats possible,,,no intrinsic strong field; radiation environment depends on parent planet,"rock, metals and water ice; vacuum, radiation, thermal extremes",,,,,,,,,small moon sphere,no open-air settlement; sealed habitats only where inhabited,gray-brown rock / pale ice
Memphis,Long Journey Anchorage,major station,Memphis,1.34,AU,225,5.5,yes,Pilgrimage anchorage,Fixed reference position just outside the main inhabited-world band on the illustrated pilgrimage route.,Adanian Conclave,Map-established role; dimensions/population/power are working-canon scale estimates from visual design and function.,,,,,,,,,,,,,,,,,,pilgrimage anchorage / station,~20-30 km aggregate span,"~50,000-200,000",habitat gravity present where crewed; exact mechanism not yet established,fusion/stellar power; axiolith structural mass-displacement where required,fixed station-keeping,"pilgrim reception, resupply, staging and religious administration",major pilgrimage waypoint,cathedral-like anchorage with docking spine,,dark metal / gold / ivory / restrained cyan
Memphis,Pilgrim's Lantern,major vessel,Memphis,1.53,AU,285,-6.5,yes,Pilgrimage vessel,Reference-epoch position for the named major vessel; this is a gameplay snapshot and may change if the vessel moves.,Adanian Conclave,Map-established role; dimensions/population/power are working-canon scale estimates from visual design and function.,,,,,,,,,,,,,,,,,,major pilgrimage vessel,~12-18 km long,"~15,000-50,000 crew/pilgrims",habitat gravity present where crewed; exact mechanism not yet established,fusion/antimatter propulsion; axiolith mass/inertia displacement,fully mobile,"pilgrimage transport, ceremonial travel, mobile sacred presence",important Conclave religious vessel,elongated reliquary ship with orbital-ring motif,,dark metal / gold / ivory / restrained cyan
Memphis,Aureth Gatehouse,major installation,Memphis,1.72,AU,305,7.0,yes,Pilgrimage gatehouse,Fixed reference position on the outer pilgrimage route; treated as independent system infrastructure rather than a planetary satellite.,Adanian Conclave,Map-established role; dimensions/population/power are working-canon scale estimates from visual design and function.,,,,,,,,,,,,,,,,,,pilgrimage gatehouse / waystation,~10-15 km span,"~10,000-40,000",habitat gravity present where crewed; exact mechanism not yet established,fusion/stellar power; axiolith structural mass-displacement where required,fixed station-keeping,"route control, navigation, reception and ceremonial checkpoint",outer pilgrimage-route control point,small cathedral-like gate station,,dark metal / gold / ivory / restrained cyan
Nekhen,Nekhen,G8V star,System barycenter,0,AU,,,yes,Primary star,"Assumed ~0.90 solar masses and ~0.60 solar luminosities, consistent with the G8V assumption already used for Tanis A; conservative HZ approximately 0.73-1.29 AU.",Adanian Conclave,Spectral class established; stellar mass/luminosity are working estimates.,,,,H/He main-sequence plasma; G8V,,,,,,,,,,,,,~0.90 M☉ / 0.60 L☉,,,,,,,,,stellar sphere / corona,,deep warm yellow
Nekhen,Aurelios,warm terrestrial,Nekhen,0.76,AU,140,1.5,yes,Hot inner habitable-zone world,Placed just inside the warm side of the adopted G8V habitable zone while remaining viable for habitation.,Adanian Conclave,"Working-canon physical/ecological estimate constrained by map appearance, orbit and Ra-seeded Earthlike habitability.",0.69,0.36,0.76,iron-rich silicate terrestrial,0.84,breathable N2/O2 but dry,28,9,90,1,48,hot desert 34%; steppe 30%; dry woodland 18%; highland 12%; wetlands 6%,Ra-seeded xeric biosphere,21.9,12,moderate,"high-grade metals; heat, dust, low gravity",,,,,,,,inhabited system world,planetary sphere,concentrated settlement in temperate basins/coasts with substantial lightly inhabited terrain,brown / ochre
Nekhen,Hierava,large habitable terrestrial,Nekhen,0.89,AU,205,-1.0,yes,Prime habitable-zone world,Center of Conclave civilization; placed in the high-insolation middle of the adopted HZ to support a naturally habitable major world.,Adanian Conclave,"Working-canon physical/ecological estimate constrained by map appearance, orbit and Ra-seeded Earthlike habitability.",1.08,1.25,1.07,silicate terrestrial; heavily urbanized,1.09,breathable N2/O2,18,46,50,4,88,temperate forest 20%; grassland 18%; subtropical 16%; wetlands/coasts 14%; taiga 12%; alpine 10%; urbanized 10%,rich Ra-seeded biosphere interwoven with dense Conclave settlement,24.8,22,strong,major population and sacred infrastructure; urban heat and orbital traffic,,,,,,,,center of Conclave civilization and principal sacred population world,planetary sphere,very dense sacred/urban core with planetary cities integrated into the Halo of Hierava,bronze-gold urban surface / blue-gray natural terrain
Nekhen,Halo of Hierava,orbital installation ring,Hierava,120000,km,35,5.0,yes,Hierava orbital infrastructure,"Reference radius for the inhabited ring of pilgrimage terminals, habitats, docks, and defense platforms. Render as distributed orbital infrastructure around Hierava rather than one station.",Adanian Conclave,Map-established role; dimensions/population/power are working-canon scale estimates from visual design and function.,,,,,,,,,,,,,,,,,,distributed orbital ring infrastructure,"reference orbital radius 120,000 km; individual habitats/stations ~2-10 km","millions distributed across habitats, terminals and docks",habitat gravity present where crewed; exact mechanism not yet established,fusion/stellar power; axiolith structural mass-displacement where required,fixed in Hierava orbit,"pilgrimage terminals, habitats, docks, defense platforms and orbital services",orbital civic-religious halo of Conclave capital world,ring of cathedral-like stations and defense nodes,,dark metal / gold / ivory / restrained cyan
Nekhen,Thessaron,temperate terrestrial,Nekhen,1.05,AU,35,1.8,yes,Mid habitable-zone world,Cooler than Hierava but comfortably inside the adopted HZ.,Adanian Conclave,"Working-canon physical/ecological estimate constrained by map appearance, orbit and Ra-seeded Earthlike habitability.",0.84,0.64,0.91,silicate terrestrial,1.03,breathable N2/O2,12,31,63,6,73,temperate grassland 24%; forest 22%; taiga 18%; dry steppe 16%; tundra 10%; alpine 10%,Ra-seeded terrestrial biosphere,27.1,24,moderate-strong,"agriculture, ores; strong seasonal weather",,,,,,,,inhabited system world,planetary sphere,"broad regional settlement concentrated in favorable coasts, basins and transport corridors",gray-brown / tan
Nekhen,Or Qedem,cool terrestrial,Nekhen,1.25,AU,320,-2.5,yes,Outer habitable-zone world,Placed close to the cool edge of the adopted G8V HZ; its orange/brown visual character is treated as surface/atmospheric composition rather than excessive stellar heating.,Adanian Conclave,"Working-canon physical/ecological estimate constrained by map appearance, orbit and Ra-seeded Earthlike habitability.",0.78,0.52,0.85,iron-rich rocky terrestrial,1.14,breathable N2/O2; CO2 elevated,1,16,70,14,50,cold steppe 28%; rocky desert 22%; taiga 18%; tundra 16%; temperate valleys 10%; alpine 6%,Ra-seeded sparse cold biosphere,31,34,moderate,"metals and geothermal resources; cold, dust, tectonics",,,,,,,,inhabited system world,planetary sphere,concentrated settlement in temperate basins/coasts with substantial lightly inhabited terrain,rust orange / dark brown
Nekhen,Throne of Heaven,major station,Nekhen,1.43,AU,285,5.5,yes,Orbital sanctum and observatory,Independent heliocentric installation outside the principal inhabited-world band; fixed reference position for navigation.,Adanian Conclave,Map-established role; dimensions/population/power are working-canon scale estimates from visual design and function.,,,,,,,,,,,,,,,,,,orbital sanctum / astral observatory,~15-25 km span,"~20,000-80,000",habitat gravity present where crewed; exact mechanism not yet established,fusion/stellar power; axiolith structural mass-displacement where required,fixed station-keeping,"religious observatory, ceremony, scholarship and command",major sacred/scientific institution,cathedral station / observatory,,dark metal / gold / ivory / restrained cyan
Nekhen,Ninth Choir Yard,shipyard,Nekhen,1.68,AU,250,-6.0,yes,Conclave shipyard and armament foundry,Major industrial installation beyond the inhabited worlds; fixed reference position for system-scale navigation.,Adanian Conclave,Map-established role; dimensions/population/power are working-canon scale estimates from visual design and function.,,,,,,,,,,,,,,,,,,shipyard / armament foundry,~30-50 km industrial span,"~80,000-250,000",habitat gravity present where crewed; exact mechanism not yet established,fusion/stellar power; axiolith structural mass-displacement where required,fixed station-keeping,"warship construction, weapons production and refit",primary Conclave military-industrial yard in Nekhen,cathedral-industrial dock lattice,,dark metal / gold / ivory / restrained cyan
Thebes,Thebes,F8V star,System barycenter,0,AU,,,yes,Primary star,Assumed ~1.15 solar masses and ~1.70 solar luminosities; conservative HZ approximately 1.24-2.18 AU.,Xuanjia Mandate,Spectral class established; stellar mass/luminosity are working estimates.,,,,H/He main-sequence plasma; F8V,,,,,,,,,,,,,~1.15 M☉ / 1.70 L☉,,,,,,,,,stellar sphere / corona,,bright yellow-white
Thebes,Jinyara,large habitable terrestrial,Thebes,1.28,AU,195,-1.2,yes,Hot inner habitable-zone world,Large blue-green inhabited world placed near the warm edge of the adopted F8V habitable zone.,Xuanjia Mandate,"Working-canon physical/ecological estimate constrained by map appearance, orbit and Ra-seeded Earthlike habitability.",1.08,1.22,1.05,silicate terrestrial; ocean-rich,1.06,breathable N2/O2,24,61,37,2,92,tropical forest 22%; subtropical woodland 20%; temperate forest 18%; grassland 16%; wetlands/coasts 14%; alpine 10%,rich Ra-seeded Earthlike biosphere,24.5,20,strong,agriculture and marine resources; warm storms,,,,,,,,major Mandate population and agricultural world,planetary sphere,widespread surface settlement; major cities linked to orbital infrastructure,blue-green / gold-green land / white cloud
Thebes,Suryin,moon,Jinyara,180000,km,335,3.0,yes,Jinyara inner satellite,Canonical Xuānhari name for the inner of Jinyara's two depicted moons; follows Mandate Sino-Indic naming conventions.,Xuanjia Mandate,Working-canon moon estimate from schematic appearance; size is not literal map scale.,0.2,0.009,0.22,rocky satellite with minor-to-moderate water ice,0.0,trace exosphere / effectively airless,-60 to -120,0,65,35,0,airless cratered regolith; cold-trap and polar ice,none known; sealed habitats possible,,,no intrinsic strong field; radiation environment depends on parent planet,"rock, metals and water ice; vacuum, radiation, thermal extremes",,,,,,,,,small moon sphere,no open-air settlement; sealed habitats only where inhabited,gray-brown rock / pale ice
Thebes,Mingvara,moon,Jinyara,410000,km,20,4.5,yes,Jinyara outer satellite,Canonical Xuānhari name for the outer of Jinyara's two depicted moons.,Xuanjia Mandate,Working-canon moon estimate from schematic appearance; size is not literal map scale.,0.23,0.013,0.25,rocky satellite with minor-to-moderate water ice,0.0,trace exosphere / effectively airless,-60 to -120,0,82,18,0,airless cratered regolith; cold-trap and polar ice,none known; sealed habitats possible,,,no intrinsic strong field; radiation environment depends on parent planet,"rock, metals and water ice; vacuum, radiation, thermal extremes",,,,,,,,,small moon sphere,no open-air settlement; sealed habitats only where inhabited,gray-brown rock / pale ice
Thebes,Qingpur,warm terrestrial,Thebes,1.48,AU,70,1.5,yes,Inner/mid habitable-zone world,Warm ochre inhabited world in the inner half of the adopted F8V HZ.,Xuanjia Mandate,"Working-canon physical/ecological estimate constrained by map appearance, orbit and Ra-seeded Earthlike habitability.",0.91,0.79,0.95,silicate terrestrial; iron-oxide rich,0.96,breathable N2/O2; dry,26,17,81,2,61,savanna 28%; steppe 24%; desert 22%; dry forest 14%; highland 8%; wetlands 4%,Ra-seeded warm/dry biosphere,25.7,14,moderate,metals and dryland agriculture; dust storms,,,,,,,,inhabited system world,planetary sphere,concentrated settlement in temperate basins/coasts with substantial lightly inhabited terrain,ochre / tan
Thebes,Devyan,moon,Qingpur,290000,km,25,3.5,yes,Qingpur satellite,Canonical Xuānhari name for Qingpur's depicted moon.,Xuanjia Mandate,Working-canon moon estimate from schematic appearance; size is not literal map scale.,0.26,0.019,0.28,rocky satellite with minor-to-moderate water ice,0.0,trace exosphere / effectively airless,-60 to -120,0,72,28,0,airless cratered regolith; cold-trap and polar ice,none known; sealed habitats possible,,,no intrinsic strong field; radiation environment depends on parent planet,"rock, metals and water ice; vacuum, radiation, thermal extremes",,,,,,,,,small moon sphere,no open-air settlement; sealed habitats only where inhabited,gray-brown rock / pale ice
Thebes,Varunhai,temperate terrestrial,Thebes,1.72,AU,235,-2.0,yes,Mid/outer habitable-zone world,Blue-green inhabited world placed in the cooler half of the adopted HZ.,Xuanjia Mandate,"Working-canon physical/ecological estimate constrained by map appearance, orbit and Ra-seeded Earthlike habitability.",0.94,0.86,0.97,silicate terrestrial with broad oceans,1.11,breathable N2/O2,14,69,27,4,88,oceanic 36%; temperate maritime 22%; taiga 14%; subtropical islands 12%; wetlands 10%; alpine 6%,marine-rich Ra-seeded biosphere,27.2,24,strong,"fisheries, biomass; cyclones and seismic coasts",,,,,,,,inhabited system world,planetary sphere,widespread surface settlement; major cities linked to orbital infrastructure,teal-blue / white cloud
Thebes,Lianesh,moon,Varunhai,245000,km,350,4.0,yes,Varunhai satellite,Canonical Xuānhari name for Varunhai's depicted moon.,Xuanjia Mandate,Working-canon moon estimate from schematic appearance; size is not literal map scale.,0.18,0.006,0.19,rocky satellite with minor-to-moderate water ice,0.0,trace exosphere / effectively airless,-60 to -120,0,92,8,0,airless cratered regolith; cold-trap and polar ice,none known; sealed habitats possible,,,no intrinsic strong field; radiation environment depends on parent planet,"rock, metals and water ice; vacuum, radiation, thermal extremes",,,,,,,,,small moon sphere,no open-air settlement; sealed habitats only where inhabited,gray-brown rock / pale ice
Thebes,Meilong,cool terrestrial,Thebes,2.05,AU,285,2.3,yes,Outer habitable-zone world,Cool rocky inhabited world near the outer edge of the adopted F8V HZ.,Xuanjia Mandate,"Working-canon physical/ecological estimate constrained by map appearance, orbit and Ra-seeded Earthlike habitability.",0.79,0.54,0.87,rocky terrestrial; mineral-rich,1.18,breathable N2/O2 with elevated greenhouse gases,5,9,78,13,49,cold desert 30%; steppe 24%; taiga 18%; tundra 16%; temperate basins 8%; alpine 4%,Ra-seeded sparse cold biosphere,30.7,32,moderate,"minerals; cold, aridity, strong seasons",,,,,,,,inhabited system world,planetary sphere,concentrated settlement in temperate basins/coasts with substantial lightly inhabited terrain,dark gray / brown
Thebes,Kiranwei,moon,Meilong,135000,km,10,3.0,yes,Meilong satellite,Canonical Xuānhari name for Meilong's depicted moon.,Xuanjia Mandate,Working-canon moon estimate from schematic appearance; size is not literal map scale.,0.21,0.01,0.23,rocky satellite with minor-to-moderate water ice,0.0,trace exosphere / effectively airless,-60 to -120,0,85,15,0,airless cratered regolith; cold-trap and polar ice,none known; sealed habitats possible,,,no intrinsic strong field; radiation environment depends on parent planet,"rock, metals and water ice; vacuum, radiation, thermal extremes",,,,,,,,,small moon sphere,no open-air settlement; sealed habitats only where inhabited,gray-brown rock / pale ice
Thebes,Jade Spear Station,major station,Thebes,2.32,AU,42,6.5,yes,Forward military station,Fixed reference position outside the inhabited-world band; elevated inclination reflects deliberately placed military infrastructure.,Xuanjia Mandate,Map-established role; dimensions/population/power are working-canon scale estimates from visual design and function.,,,,,,,,,,,,,,,,,,forward military station,~15-25 km long,"~25,000-80,000",habitat gravity present where crewed; exact mechanism not yet established,fusion/stellar power; axiolith structural mass-displacement where required,fixed station-keeping,"surveillance, interception, fleet staging and command",forward Mandate defense node,spear-shaped fortress station,,dark metal / red / gold / jade accents
Thebes,Nine Banners Yard,shipyard,Thebes,2.50,AU,330,-5.0,yes,Major Mandate shipyard,Fixed reference position on the illustrated deployment corridors beyond the inhabited planets.,Xuanjia Mandate,Map-established role; dimensions/population/power are working-canon scale estimates from visual design and function.,,,,,,,,,,,,,,,,,,major naval shipyard,~50-70 km aggregate span,"~150,000-400,000",habitat gravity present where crewed; exact mechanism not yet established,fusion/stellar power; axiolith structural mass-displacement where required,fixed station-keeping,"warship construction, repair and fleet logistics",major Mandate naval-industrial base,bannered fortress dockyard,,dark metal / red / gold / jade accents
Thebes,Cloud-Tiger Carrier Group,carrier/fleet group,Thebes,2.78,AU,300,-8.0,yes,Mobile carrier group,Reference-epoch fleet position; deliberately more off-plane than natural bodies and may move with campaign state.,Xuanjia Mandate,Map-established role; dimensions/population/power are working-canon scale estimates from visual design and function.,,,,,,,,,,,,,,,,,,carrier battle group,several major carriers ~10-20 km each plus escorts,"~80,000-200,000 total crews",habitat gravity present where crewed; exact mechanism not yet established,fusion/antimatter propulsion; axiolith mass/inertia displacement,fully mobile,"fleet combat, force projection and interception",principal mobile Mandate force shown in Thebes,carrier formation with escorts,,dark metal / red / gold / jade accents
Sais,Sais,G4V star,System barycenter,0,AU,,,yes,Primary star,Assumed ~0.95 solar masses and ~0.85 solar luminosities; conservative HZ approximately 0.87-1.54 AU.,Xuanjia Mandate,Spectral class established; stellar mass/luminosity are working estimates.,,,,H/He main-sequence plasma; G4V,,,,,,,,,,,,,~0.95 M☉ / 0.85 L☉,,,,,,,,,stellar sphere / corona,,warm yellow
Sais,Nalini,warm terrestrial,Sais,0.90,AU,145,-1.4,yes,Hot inner habitable-zone world,Inhabited world placed near the warm edge of the adopted G4V habitable zone.,Xuanjia Mandate,"Working-canon physical/ecological estimate constrained by map appearance, orbit and Ra-seeded Earthlike habitability.",0.85,0.66,0.91,silicate terrestrial,1.02,breathable N2/O2,24,58,40,2,88,subtropical forest 22%; temperate forest 20%; grassland 18%; tropical coast 14%; wetland 12%; alpine 8%; dryland 6%,Ra-seeded Earthlike biosphere,23.9,19,strong,agriculture and freshwater; monsoon-like storms,,,,,,,,inhabited system world,planetary sphere,widespread surface settlement; major cities linked to orbital infrastructure,blue-green / gray-white cloud
Sais,Chandri,moon,Nalini,165000,km,205,3.5,yes,Nalini satellite,Canonical Xuānhari name for Nalini's depicted moon.,Xuanjia Mandate,Working-canon moon estimate from schematic appearance; size is not literal map scale.,0.24,0.015,0.26,rocky satellite with minor-to-moderate water ice,0.0,trace exosphere / effectively airless,-60 to -120,0,75,25,0,airless cratered regolith; cold-trap and polar ice,none known; sealed habitats possible,,,no intrinsic strong field; radiation environment depends on parent planet,"rock, metals and water ice; vacuum, radiation, thermal extremes",,,,,,,,,small moon sphere,no open-air settlement; sealed habitats only where inhabited,gray-brown rock / pale ice
Sais,Shanvara,large habitable terrestrial,Sais,1.08,AU,42,1.0,yes,Prime habitable-zone capital world,Mandate capital world and site of Tianshikhara / the Ten Thousand Offices; placed comfortably within the adopted G4V HZ.,Xuanjia Mandate,"Working-canon physical/ecological estimate constrained by map appearance, orbit and Ra-seeded Earthlike habitability.",1.1,1.31,1.08,silicate terrestrial; heavily developed,1.08,breathable N2/O2,18,54,43,3,90,temperate forest 18%; subtropical 18%; grassland 16%; wetlands/coasts 14%; highlands 12%; taiga 10%; urbanized 12%,rich Ra-seeded biosphere under very dense Mandate settlement,24.6,23,strong,"capital-world infrastructure, agriculture; urban/orbital traffic",,,,,,,,capital world of the Xuanjia Mandate,planetary sphere,capital-world urban network dominated by Tianshikhara and the Ten Thousand Offices,blue-green / white cloud / gold-brown land
Sais,Yuehara,moon,Shanvara,360000,km,350,4.0,yes,Shanvara satellite,Canonical Xuānhari name for Shanvara's depicted moon.,Xuanjia Mandate,Working-canon moon estimate from schematic appearance; size is not literal map scale.,0.27,0.022,0.3,rocky satellite with minor-to-moderate water ice,0.0,trace exosphere / effectively airless,-60 to -120,0,88,12,0,airless cratered regolith; cold-trap and polar ice,none known; sealed habitats possible,,,no intrinsic strong field; radiation environment depends on parent planet,"rock, metals and water ice; vacuum, radiation, thermal extremes",,,,,,,,,small moon sphere,no open-air settlement; sealed habitats only where inhabited,gray-brown rock / pale ice
Sais,Longwei,warm rocky terrestrial,Sais,1.27,AU,205,-2.0,yes,Mid/outer habitable-zone world,Rocky inhabited world in the cooler half of the adopted HZ; its red-brown visual character is treated as surface composition rather than excessive heating.,Xuanjia Mandate,"Working-canon physical/ecological estimate constrained by map appearance, orbit and Ra-seeded Earthlike habitability.",0.73,0.41,0.77,iron-rich rocky terrestrial,0.9,breathable N2/O2; dry,10,7,88,5,46,steppe 30%; rocky desert 26%; dry woodland 18%; taiga 12%; highland 10%; wetlands 4%,Ra-seeded xeric biosphere,26.3,18,moderate,"metals; aridity, dust, low gravity",,,,,,,,inhabited system world,planetary sphere,concentrated settlement in temperate basins/coasts with substantial lightly inhabited terrain,rust red / brown
Sais,Ranjin,moon,Longwei,125000,km,345,3.0,yes,Longwei satellite,Canonical Xuānhari name for Longwei's depicted moon.,Xuanjia Mandate,Working-canon moon estimate from schematic appearance; size is not literal map scale.,0.2,0.009,0.22,rocky satellite with minor-to-moderate water ice,0.0,trace exosphere / effectively airless,-60 to -120,0,65,35,0,airless cratered regolith; cold-trap and polar ice,none known; sealed habitats possible,,,no intrinsic strong field; radiation environment depends on parent planet,"rock, metals and water ice; vacuum, radiation, thermal extremes",,,,,,,,,small moon sphere,no open-air settlement; sealed habitats only where inhabited,gray-brown rock / pale ice
Sais,Kailashun,cool terrestrial,Sais,1.49,AU,255,2.3,yes,Outer habitable-zone world,Cool inhabited world near the outer edge of the adopted G4V HZ.,Xuanjia Mandate,"Working-canon physical/ecological estimate constrained by map appearance, orbit and Ra-seeded Earthlike habitability.",0.89,0.73,0.92,silicate terrestrial with highland ice,1.16,breathable N2/O2,1,20,64,16,60,taiga 26%; cold grassland 20%; tundra 18%; temperate forest 14%; alpine 14%; wetlands 8%,Ra-seeded cool biosphere,29.8,30,moderate-strong,ice/freshwater and minerals; severe winters,,,,,,,,inhabited system world,planetary sphere,concentrated settlement in temperate basins/coasts with substantial lightly inhabited terrain,gray-brown / ice-white
Sais,Tianesh,moon,Kailashun,225000,km,195,4.0,yes,Kailashun satellite,Canonical Xuānhari name for Kailashun's depicted moon.,Xuanjia Mandate,Working-canon moon estimate from schematic appearance; size is not literal map scale.,0.23,0.013,0.25,rocky satellite with minor-to-moderate water ice,0.0,trace exosphere / effectively airless,-60 to -120,0,82,18,0,airless cratered regolith; cold-trap and polar ice,none known; sealed habitats possible,,,no intrinsic strong field; radiation environment depends on parent planet,"rock, metals and water ice; vacuum, radiation, thermal extremes",,,,,,,,,small moon sphere,no open-air settlement; sealed habitats only where inhabited,gray-brown rock / pale ice
Sais,Mandate Meridian,major station,Sais,1.66,AU,335,5.5,yes,Central administrative station,Major fixed Mandate installation just outside the inhabited planetary band; reference position follows the illustrated traffic corridor.,Xuanjia Mandate,Map-established role; dimensions/population/power are working-canon scale estimates from visual design and function.,,,,,,,,,,,,,,,,,,central administrative orbital station,~35-50 km diameter,"~1,000,000-3,000,000",habitat gravity present where crewed; exact mechanism not yet established,fusion/stellar power; axiolith structural mass-displacement where required,fixed station-keeping,"central bureaucracy, traffic coordination, diplomacy and logistics",system-scale administrative nexus of Mandate capital system,large circular pagoda-like station-city,,dark metal / red / gold / jade accents
Sais,Celestial Registry,major station,Sais,1.82,AU,285,-5.5,yes,Administrative registry station,Independent fixed installation on the Mandate traffic network; reference position for system-scale navigation.,Xuanjia Mandate,Map-established role; dimensions/population/power are working-canon scale estimates from visual design and function.,,,,,,,,,,,,,,,,,,administrative registry station,~8-15 km span,"~50,000-150,000",habitat gravity present where crewed; exact mechanism not yet established,fusion/stellar power; axiolith structural mass-displacement where required,fixed station-keeping,"records, navigation registries, legal/administrative processing",specialized bureaucratic node tied to Ten Thousand Offices,compact tiered administrative station,,dark metal / red / gold / jade accents
Sais,Golden Chariot,major vessel,Sais,2.08,AU,315,-7.0,yes,Major Mandate carrier,Reference-epoch position for the independent carrier; deliberately somewhat off-plane and may move with campaign state.,Xuanjia Mandate,Map-established role; dimensions/population/power are working-canon scale estimates from visual design and function.,,,,,,,,,,,,,,,,,,major Mandate carrier / command vessel,~18-25 km long,"~40,000-100,000",habitat gravity present where crewed; exact mechanism not yet established,fusion/antimatter propulsion; axiolith mass/inertia displacement,fully mobile,"fleet command, carrier operations and prestige force projection",high-status Mandate capital ship,ornate wedge-shaped carrier,,dark metal / red / gold / jade accents
Amarna,Amarna,G2V star,System barycenter,0,AU,,,yes,Primary star,True Sol analogue; assumed ~1.00 solar mass and ~1.00 solar luminosity. Conservative habitable zone approximately 0.95-1.67 AU.,Union,Spectral class established; stellar mass/luminosity are working estimates.,,,,H/He main-sequence plasma; G2V Sol analogue,,,,,,,,,,,,,~1.00 M☉ / 1.00 L☉,,,,,,,,,stellar sphere / corona,,Sol-like yellow-white
Amarna,Akhetan,blinkgate complex,Amarna,0.95,AU,330,1.0,yes,Inner-edge blinkgate / Union gateway to Manger,Canonical name for the structure labeled 'Amarna Blink Complex' on the source illustration. Deliberately placed at the innermost edge of the adopted habitable zone to maximize incident stellar light for the gate complex; the illustration is schematic and does not show this canonical physical radius.,Union,Map-established role; dimensions/population/power are working-canon scale estimates from visual design and function.,,,,,,,,,,,,,,,,,,blinkgate megastructure / stellar-powered gateway complex,~200-300 km ring diameter plus support trusses,"~250,000-1,000,000 within gate/support complex",habitat gravity present where crewed; exact mechanism not yet established,stellar collection + paracausal blinkgate systems; extreme axiolith structural support,fixed heliocentric installation,"blink transit, interstellar gateway control and energy collection",Union gateway to Manger; cluster-critical infrastructure,enormous illuminated ring gate,,white-gray / dark graphite / blue-cyan utility lights
Amarna,Union Gateway Station,major station,Akhetan,70000,km,20,5.0,yes,Akhetan support station,Local infrastructure associated directly with Akhetan rather than an independent heliocentric station; distance is measured from the blinkgate complex.,Union,Map-established role; dimensions/population/power are working-canon scale estimates from visual design and function.,,,,,,,,,,,,,,,,,,major gate support station,~20-30 km aggregate span,"~100,000-300,000",habitat gravity present where crewed; exact mechanism not yet established,fusion/stellar power; axiolith structural mass-displacement where required,fixed relative to Akhetan,"traffic control, customs, logistics, rescue and gate operations",primary Union operational station at Akhetan,modular Union station blocks,,white-gray / dark graphite / blue-cyan utility lights
Amarna,Caliburn Yard,shipyard,Akhetan,160000,km,310,-4.5,yes,Akhetan shipyard,Union yard in the Akhetan local complex; parent-relative distance allows meaningful short-range navigation calculations between gate facilities.,Union,Map-established role; dimensions/population/power are working-canon scale estimates from visual design and function.,,,,,,,,,,,,,,,,,,Union shipyard,~35-50 km industrial span,"~100,000-300,000",habitat gravity present where crewed; exact mechanism not yet established,fusion/stellar power; axiolith structural mass-displacement where required,fixed relative to Akhetan,"ship construction, repair, refit and gate-side logistics",principal Union yard supporting Manger gateway traffic,modular drydock and logistics blocks,,white-gray / dark graphite / blue-cyan utility lights
Amarna,Nansen,warm terrestrial,Amarna,1.02,AU,350,-1.2,yes,Hot inner habitable-zone world,"Innermost inhabited planet, placed just beyond Akhetan and inside the warm portion of the Solar-analogue HZ.",Union,"Working-canon physical/ecological estimate constrained by map appearance, orbit and Ra-seeded Earthlike habitability.",0.67,0.31,0.69,rocky terrestrial,0.74,thin-but-breathable engineered N2/O2,25,6,92,2,32,warm steppe 34%; rocky desert 30%; dry scrub 20%; highland 10%; wetlands 6%,Ra-seeded sparse biosphere; extensive human ecological management,20.2,8,moderate,"low gravity, metals; dust and thermal swings",,,,,,,,inner Union settlement adjacent to Akhetan traffic zone,planetary sphere,limited surface settlement in engineered or naturally favorable enclaves,gray / pale stone
Amarna,Svalbard,moon,Nansen,190000,km,15,3.0,yes,Nansen satellite,Canonical Union-era Earth-derived name for Nansen's depicted moon.,Union,Working-canon moon estimate from schematic appearance; size is not literal map scale.,0.26,0.019,0.28,rocky satellite with minor-to-moderate water ice,0.0,trace exosphere / effectively airless,-60 to -120,0,72,28,0,airless cratered regolith; cold-trap and polar ice,none known; sealed habitats possible,,,no intrinsic strong field; radiation environment depends on parent planet,"rock, metals and water ice; vacuum, radiation, thermal extremes",,,,,,,,,small moon sphere,no open-air settlement; sealed habitats only where inhabited,gray-brown rock / pale ice
Amarna,Samarkand,large habitable terrestrial,Amarna,1.11,AU,195,1.0,yes,Inner/mid habitable-zone world,Large blue-green inhabited world in the warmer half of the adopted HZ.,Union,"Working-canon physical/ecological estimate constrained by map appearance, orbit and Ra-seeded Earthlike habitability.",1.05,1.12,1.02,silicate terrestrial; ocean-rich,1.01,breathable N2/O2,20,64,34,2,92,temperate forest 22%; subtropical 20%; grassland 18%; tropical coast 14%; wetlands 12%; taiga 8%; alpine 6%,rich Ra-seeded Earthlike biosphere,24.1,21,strong,broad agriculture and marine resources,,,,,,,,major Union population world,planetary sphere,mature cosmopolitan Union settlement with large continental and coastal cities,blue-green / tan-green land / white cloud
Amarna,Pamir,moon,Samarkand,360000,km,350,4.0,yes,Samarkand satellite,Canonical Union-era Earth-derived name for Samarkand's depicted moon.,Union,Working-canon moon estimate from schematic appearance; size is not literal map scale.,0.18,0.006,0.19,rocky satellite with minor-to-moderate water ice,0.0,trace exosphere / effectively airless,-60 to -120,0,92,8,0,airless cratered regolith; cold-trap and polar ice,none known; sealed habitats possible,,,no intrinsic strong field; radiation environment depends on parent planet,"rock, metals and water ice; vacuum, radiation, thermal extremes",,,,,,,,,small moon sphere,no open-air settlement; sealed habitats only where inhabited,gray-brown rock / pale ice
Amarna,Aoraki,temperate terrestrial,Amarna,1.21,AU,120,-1.5,yes,Mid habitable-zone world,Temperate inhabited world placed near the middle of the adopted Solar-analogue HZ.,Union,"Working-canon physical/ecological estimate constrained by map appearance, orbit and Ra-seeded Earthlike habitability.",0.92,0.82,0.97,silicate terrestrial,0.98,breathable N2/O2,17,52,45,3,88,temperate forest 24%; grassland 20%; subtropical woodland 16%; taiga 14%; wetland 12%; alpine 8%; dryland 6%,Ra-seeded Earthlike biosphere,25.5,24,strong,"agriculture, freshwater; mountain weather",,,,,,,,inhabited system world,planetary sphere,widespread surface settlement; major cities linked to orbital infrastructure,blue-gray / green-brown
Amarna,Tasman,moon,Aoraki,170000,km,350,3.5,yes,Aoraki satellite,Canonical Union-era Earth-derived name for Aoraki's depicted moon.,Union,Working-canon moon estimate from schematic appearance; size is not literal map scale.,0.21,0.01,0.23,rocky satellite with minor-to-moderate water ice,0.0,trace exosphere / effectively airless,-60 to -120,0,85,15,0,airless cratered regolith; cold-trap and polar ice,none known; sealed habitats possible,,,no intrinsic strong field; radiation environment depends on parent planet,"rock, metals and water ice; vacuum, radiation, thermal extremes",,,,,,,,,small moon sphere,no open-air settlement; sealed habitats only where inhabited,gray-brown rock / pale ice
Amarna,Tlaloc,large oceanic terrestrial,Amarna,1.31,AU,55,1.8,yes,Mid habitable-zone world,"Large blue inhabited world with moderate stellar flux, consistent with its oceanic visual character.",Union,"Working-canon physical/ecological estimate constrained by map appearance, orbit and Ra-seeded Earthlike habitability.",1.02,1.06,1.02,silicate terrestrial with deep ocean basins,1.12,breathable N2/O2; humid,19,79,19,2,95,open ocean 54%; tropical islands 14%; temperate islands 12%; reefs/wetlands 10%; subtropical coast 6%; alpine islands 4%,marine-dominant Ra-seeded biosphere,25.0,16,strong,marine biomass; storms and tsunamis,,,,,,,,major oceanic population/resource world,planetary sphere,"island, floating and coastal cities with heavy oceanic infrastructure",deep blue / teal / white cloud
Amarna,Cholula,moon,Tlaloc,260000,km,350,4.0,yes,Tlaloc satellite,Canonical Union-era Earth-derived name for Tlaloc's depicted moon.,Union,Working-canon moon estimate from schematic appearance; size is not literal map scale.,0.24,0.015,0.26,rocky satellite with minor-to-moderate water ice,0.0,trace exosphere / effectively airless,-60 to -120,0,75,25,0,airless cratered regolith; cold-trap and polar ice,none known; sealed habitats possible,,,no intrinsic strong field; radiation environment depends on parent planet,"rock, metals and water ice; vacuum, radiation, thermal extremes",,,,,,,,,small moon sphere,no open-air settlement; sealed habitats only where inhabited,gray-brown rock / pale ice
Amarna,Córdoba,rocky terrestrial,Amarna,1.42,AU,220,-2.0,yes,Mid/outer habitable-zone world,Rockier inhabited world in the cooler half of the adopted HZ.,Union,"Working-canon physical/ecological estimate constrained by map appearance, orbit and Ra-seeded Earthlike habitability.",0.76,0.45,0.78,rocky terrestrial; metal-rich,0.86,breathable N2/O2; dry,9,8,86,6,44,rocky steppe 30%; cold desert 22%; dry woodland 18%; taiga 12%; tundra 10%; highland 8%,Ra-seeded sparse terrestrial biosphere,27.8,26,moderate,metals; dust and temperature swings,,,,,,,,inhabited system world,planetary sphere,limited surface settlement in engineered or naturally favorable enclaves,brown / ochre
Amarna,Atacama,moon,Córdoba,145000,km,345,3.0,yes,Córdoba satellite,Canonical Union-era Earth-derived name for Córdoba's depicted moon.,Union,Working-canon moon estimate from schematic appearance; size is not literal map scale.,0.27,0.022,0.3,rocky satellite with minor-to-moderate water ice,0.0,trace exosphere / effectively airless,-60 to -120,0,88,12,0,airless cratered regolith; cold-trap and polar ice,none known; sealed habitats possible,,,no intrinsic strong field; radiation environment depends on parent planet,"rock, metals and water ice; vacuum, radiation, thermal extremes",,,,,,,,,small moon sphere,no open-air settlement; sealed habitats only where inhabited,gray-brown rock / pale ice
Amarna,Saraswati,cool habitable terrestrial,Amarna,1.54,AU,250,2.0,yes,Outer habitable-zone world,Blue-green inhabited world near the cool side of the Solar-analogue HZ.,Union,"Working-canon physical/ecological estimate constrained by map appearance, orbit and Ra-seeded Earthlike habitability.",0.96,0.91,0.99,silicate terrestrial; ocean-rich,1.1,breathable N2/O2,8,70,24,6,86,temperate maritime 26%; taiga 18%; cool forest 18%; oceanic coast 16%; tundra 10%; wetlands 8%; alpine 4%,Ra-seeded cool maritime biosphere,27.2,28,strong,freshwater/ice and marine resources; winter storms,,,,,,,,inhabited system world,planetary sphere,"broad regional settlement concentrated in favorable coasts, basins and transport corridors",teal-blue / green / white cloud
Amarna,Nalanda,moon,Saraswati,310000,km,345,4.0,yes,Saraswati satellite,Canonical Union-era Earth-derived name for Saraswati's depicted moon.,Union,Working-canon moon estimate from schematic appearance; size is not literal map scale.,0.2,0.009,0.22,rocky satellite with minor-to-moderate water ice,0.0,trace exosphere / effectively airless,-60 to -120,0,65,35,0,airless cratered regolith; cold-trap and polar ice,none known; sealed habitats possible,,,no intrinsic strong field; radiation environment depends on parent planet,"rock, metals and water ice; vacuum, radiation, thermal extremes",,,,,,,,,small moon sphere,no open-air settlement; sealed habitats only where inhabited,gray-brown rock / pale ice
Amarna,Kilimanjaro,cool rocky terrestrial,Amarna,1.65,AU,285,-2.3,yes,Outer-edge habitable-zone world,"Outermost inhabited world, placed just inside the conservative outer edge of the adopted HZ.",Union,"Working-canon physical/ecological estimate constrained by map appearance, orbit and Ra-seeded Earthlike habitability.",0.86,0.69,0.93,rocky terrestrial; high relief,1.22,breathable N2/O2 with CO2 elevated,0,13,68,19,48,taiga 26%; tundra 22%; alpine 18%; cold steppe 18%; temperate valleys 10%; glacial 6%,Ra-seeded cold highland biosphere,31.4,35,moderate,"minerals, geothermal resources; cold and extreme relief",,,,,,,,inhabited system world,planetary sphere,concentrated settlement in temperate basins/coasts with substantial lightly inhabited terrain,gray-brown / pale highlands
Amarna,Serengeti,moon,Kilimanjaro,230000,km,350,3.5,yes,Kilimanjaro satellite,Canonical Union-era Earth-derived name for Kilimanjaro's depicted moon.,Union,Working-canon moon estimate from schematic appearance; size is not literal map scale.,0.23,0.013,0.25,rocky satellite with minor-to-moderate water ice,0.0,trace exosphere / effectively airless,-60 to -120,0,82,18,0,airless cratered regolith; cold-trap and polar ice,none known; sealed habitats possible,,,no intrinsic strong field; radiation environment depends on parent planet,"rock, metals and water ice; vacuum, radiation, thermal extremes",,,,,,,,,small moon sphere,no open-air settlement; sealed habitats only where inhabited,gray-brown rock / pale ice
Amarna,Far Lantern,major station,Amarna,1.88,AU,305,-6.5,yes,Outer Union navigation station,Independent heliocentric station beyond the principal inhabited-world band; fixed reference position for system-scale navigation.,Union,Map-established role; dimensions/population/power are working-canon scale estimates from visual design and function.,,,,,,,,,,,,,,,,,,outer navigation / traffic station,~8-12 km span,"~10,000-40,000",habitat gravity present where crewed; exact mechanism not yet established,fusion/stellar power; axiolith structural mass-displacement where required,fixed station-keeping,"navigation beacon, traffic monitoring, search/rescue and outer-system support",outer-system traffic-control node,compact beacon/fort station,,white-gray / dark graphite / blue-cyan utility lights
Seti,Seti,K3V star,System barycenter,0,AU,,,yes,Primary star,Assumed ~0.80 solar masses and ~0.32 solar luminosities; conservative HZ approximately 0.54-0.94 AU.,Xuanjia Mandate,Spectral class established; stellar mass/luminosity are working estimates.,,,,H/He main-sequence plasma; K3V,,,,,,,,,,,,,~0.80 M☉ / 0.32 L☉,,,,,,,,,stellar sphere / corona,,amber-orange
Seti,Tianvara,warm terrestrial,Seti,0.56,AU,145,-1.4,yes,Hot inner habitable-zone world,Inhabited world placed just inside the warm edge of the adopted K3V habitable zone.,Xuanjia Mandate,"Working-canon physical/ecological estimate constrained by map appearance, orbit and Ra-seeded Earthlike habitability.",0.96,0.91,0.99,silicate terrestrial,1.05,breathable N2/O2,27,34,64,2,76,savanna 26%; warm forest 22%; grassland 20%; dryland 16%; wetland 8%; alpine 8%,Ra-seeded warm terrestrial biosphere,24.0,17,strong,"agriculture and ores; heat, convective storms",,,,,,,,inner Mandate inhabited world supporting Arrowfall military economy,planetary sphere,"broad regional settlement concentrated in favorable coasts, basins and transport corridors",teal / bronze-brown / cloud-white
Seti,Navira,moon,Tianvara,155000,km,350,3.5,yes,Tianvara satellite,Canonical Xuānhari name for Tianvara's depicted moon; Seti is Mandate-controlled.,Xuanjia Mandate,Working-canon moon estimate from schematic appearance; size is not literal map scale.,0.26,0.019,0.28,rocky satellite with minor-to-moderate water ice,0.0,trace exosphere / effectively airless,-60 to -120,0,72,28,0,airless cratered regolith; cold-trap and polar ice,none known; sealed habitats possible,,,no intrinsic strong field; radiation environment depends on parent planet,"rock, metals and water ice; vacuum, radiation, thermal extremes",,,,,,,,,small moon sphere,no open-air settlement; sealed habitats only where inhabited,gray-brown rock / pale ice
Seti,Chandrao,temperate terrestrial,Seti,0.67,AU,65,1.2,yes,Inner/mid habitable-zone world,Rocky inhabited world in the warmer half of the adopted K3V HZ.,Xuanjia Mandate,"Working-canon physical/ecological estimate constrained by map appearance, orbit and Ra-seeded Earthlike habitability.",0.83,0.63,0.91,rocky terrestrial,0.97,breathable N2/O2; dry,18,21,76,3,66,steppe 28%; temperate grassland 22%; dry forest 18%; desert 16%; highland 10%; wetland 6%,Ra-seeded dry temperate biosphere,25.8,19,moderate,metals; dust and seasonal drought,,,,,,,,inhabited system world,planetary sphere,concentrated settlement in temperate basins/coasts with substantial lightly inhabited terrain,brown / tan
Seti,Shenpur,moon,Chandrao,205000,km,350,4.0,yes,Chandrao satellite,Canonical Xuānhari name for Chandrao's depicted moon.,Xuanjia Mandate,Working-canon moon estimate from schematic appearance; size is not literal map scale.,0.18,0.006,0.19,rocky satellite with minor-to-moderate water ice,0.0,trace exosphere / effectively airless,-60 to -120,0,92,8,0,airless cratered regolith; cold-trap and polar ice,none known; sealed habitats possible,,,no intrinsic strong field; radiation environment depends on parent planet,"rock, metals and water ice; vacuum, radiation, thermal extremes",,,,,,,,,small moon sphere,no open-air settlement; sealed habitats only where inhabited,gray-brown rock / pale ice
Seti,Rudrashen,cool terrestrial,Seti,0.80,AU,215,-1.8,yes,Mid/outer habitable-zone world,Dark inhabited terrestrial in the cooler half of the adopted HZ.,Xuanjia Mandate,"Working-canon physical/ecological estimate constrained by map appearance, orbit and Ra-seeded Earthlike habitability.",0.89,0.76,0.96,silicate terrestrial; dark basaltic crust,1.11,breathable N2/O2,8,41,52,7,72,temperate forest 22%; taiga 22%; grassland 18%; wetland 12%; tundra 12%; volcanic highland 8%; coast 6%,Ra-seeded cool terrestrial biosphere,28.6,28,strong,basaltic/mineral resources; volcanism and cold weather,,,,,,,,inhabited system world,planetary sphere,"broad regional settlement concentrated in favorable coasts, basins and transport corridors",dark blue-gray / charcoal
Seti,Yuelin,moon,Rudrashen,130000,km,345,3.0,yes,Rudrashen satellite,Canonical Xuānhari name for Rudrashen's depicted moon.,Xuanjia Mandate,Working-canon moon estimate from schematic appearance; size is not literal map scale.,0.21,0.01,0.23,rocky satellite with minor-to-moderate water ice,0.0,trace exosphere / effectively airless,-60 to -120,0,85,15,0,airless cratered regolith; cold-trap and polar ice,none known; sealed habitats possible,,,no intrinsic strong field; radiation environment depends on parent planet,"rock, metals and water ice; vacuum, radiation, thermal extremes",,,,,,,,,small moon sphere,no open-air settlement; sealed habitats only where inhabited,gray-brown rock / pale ice
Seti,Keshun,cool rocky terrestrial,Seti,0.92,AU,285,2.2,yes,Outer habitable-zone world,"Outermost named inhabited world, placed close to the conservative cool edge of the adopted K3V HZ.",Xuanjia Mandate,"Working-canon physical/ecological estimate constrained by map appearance, orbit and Ra-seeded Earthlike habitability.",0.66,0.32,0.73,rocky terrestrial,1.2,breathable N2/O2; greenhouse-supported,0,6,76,18,38,cold desert 30%; tundra 24%; steppe 20%; taiga 12%; alpine 10%; geothermal refugia 4%,Ra-seeded sparse cold biosphere,33.0,36,moderate,"geothermal/mineral resources; cold, low gravity, severe seasons",,,,,,,,inhabited system world,planetary sphere,sparse fortified settlements around geothermal valleys and industrial corridors,brown / ochre
Seti,Arrowfall Range,military range / installation field,Seti,1.30,AU,250,-6.5,yes,Distributed military proving ground,"Selectable reference centroid for the named Arrowfall Range. Render as a distributed region containing the depicted industrial clusters, fortified installations, mobile fortresses, range markers, and target hulks; approximate occupied radial span 1.10-1.55 AU rather than a single point.",Xuanjia Mandate,Map-established role; dimensions/population/power are working-canon scale estimates from visual design and function.,,,,,,,,,,,,,,,,,,distributed military proving ground / fortress field,distributed across ~1.10-1.55 AU corridor; individual nodes from sub-km targets to multi-km fortresses,"~100,000-500,000 distributed",habitat gravity present where crewed; exact mechanism not yet established,fusion/stellar power; axiolith structural mass-displacement where required,mixed fixed and mobile installations,"weapons testing, live-fire training, fleet exercises, target evaluation and fortification trials",major Mandate weapons-testing and readiness complex,"distributed forts, target hulks, range markers and mobile fortresses",,dark metal / red / gold / jade accents
Seti,Kalong,anomalous super-Jovian gas giant,Seti,1.75,AU,345,2.8,yes,Outer anomalous giant,"Canonical Xuānhari name for the enormous anomalous outer giant. Its depicted thermal bloom, elevated heavy-element aerosols, unusual subcloud luminosity, and persistent auroral discharge remain defining visual traits.",Xuanjia Mandate,Working-canon giant-planet estimate from schematic color/scale cues; physical size is a design estimate.,12.8,620,2.95,super-Jovian H/He giant with unusually metal-rich atmosphere,1-bar reference level,H2/He with elevated heavy-element aerosols and anomalous luminous subcloud layers,-35 nominal; localized anomalous thermal bloom,,,,,no solid surface; layered cloud decks and deep atmosphere,no confirmed biosphere,,,extreme magnetosphere and persistent auroral discharge,"deep atmospheric volatiles and heavy elements; extreme gravity, radiation, thermal anomalies and violent weather",,,,,,,,,massive dark banded super-Jovian with luminous storm features,,charcoal / gray-brown bands / ember-orange luminous features
